"id","description"
"20n2o3","a cerulean sky over rolling green hills"
"21p4q5","burnt orange corduroy jacket with brass buttons"
"22r6s7","golden yellow triangles scattered on a slate gray surface"
"23t8u9","a lavender field under a hazy purple sky"
"24v0w1","forest green wool sweater with a ribbed collar"
"25x2y3","a crimson sunset over a calm ocean"
"26z4a5","azure rhombuses arranged in a complex mosaic"
"27b6c7","a deep purple velvet dress with silver embroidery"
"28d8e9","a snow-covered mountain range at twilight"
"29f0g1","goldenrod rectangles forming a tessellated pattern"
"30h2i3","a turquoise river flowing through a lush valley"
"31j4k5","midnight blue silk scarf with fringe detailing"
"32l6m7","a scarlet sunrise over a vast desert"
"33n8o9","silver hexagons interlocking to create a futuristic grid"
"34p0q1","a jade green dress with flowing lines"
"35r2s3","a golden beach under a scorching sun"
"36t4u5","cobalt blue circles surrounding a fiery red center"
"37v6w7","a charcoal gray suit with a tailored fit"
"38x8y9","a lavender field stretching to the horizon"
"39z0a1","bronze squares aligned in a rigid structure"
"40b2c3","a emerald green forest shrouded in mist"
"41d4e5","crimson leather jacket with a zipper closure"
"42f6g7","a sapphire lake reflecting the surrounding mountains"
"43h8i9","golden triangles arranged in a spiral pattern"
"44j0k1","a deep purple silk gown with beaded accents"
"45l2m3","a snow-covered plain under a bright winter sun"
"46n4o5","silver circles intersecting to create a complex network"
"47p6q7","a jade green blouse with delicate lace trim"
"48r8s9","a golden sunset over a tranquil sea"
"49t0u1","cobalt blue squares forming a repeating pattern"
"50v2w3","a charcoal gray overcoat with a classic design"
"51x4y5","a lavender garden filled with blooming flowers"
"52z6a7","bronze rectangles assembled in a structured layout"
"53b8c9","a emerald green meadow dotted with wildflowers"
"54d0e1","crimson velvet pants with a flared leg"
"55f2g3","a sapphire river winding through a rocky landscape"
"56h4i5","golden triangles displayed in a random arrangement"
"57j6k7","a deep purple evening dress with sequin embellishments"
"58l8m9","a snow-covered forest bathed in moonlight"
"59n0o1","silver spheres aligned in a perfect formation"
"60p2q3","a jade green skirt with a pleated design"
"61r4s5","a golden sunrise over a serene lake"
"62t6u7","cobalt blue rhombuses arranged in a geometric composition"
"63v8w9","a charcoal gray blazer with a single-button closure"
"64x0y1","a lavender sky filled with fluffy clouds"
"65z2a3","bronze circles layered in a concentric configuration"
"66b4c5","a emerald green valley covered in dense foliage"
"67d6e7","crimson silk shirt with long sleeves"
"68f8g9","a sapphire ocean stretching to the horizon"
"69h0i1","golden triangles stacked in a pyramidal structure"
"70j2k3","a deep purple cocktail dress with a fitted silhouette"
"71l4m5","a snow-covered mountain peak piercing the sky"
"72n6o7","silver squares arranged in a checkerboard pattern"
"73p8q9","a jade green jacket with a bomber style"
"74r0s1","a golden beach dotted with palm trees"
"75t2u3","cobalt blue hexagons creating a honeycomb surface"
"76v4w5","a charcoal gray cardigan with a button-down front"
"77x6y7","a lavender field under a clear summer sky"
"78z8a9","bronze rectangles grouped in a modular composition"
"79b0c1","a emerald green pasture grazed by sheep"
"80d2e3","crimson corduroy pants with a straight leg"
"81f4g5","a sapphire stream cascading down a rocky hillside"
"82h6i7","golden triangles placed in a symmetrical configuration"
"83j8k9","a deep purple ballgown with a sweeping train"
"84l0m1","a snow-covered landscape sparkling in the sunlight"
"85n2o3","silver rhombuses connected to form an intricate web"
"86p4q5","a jade green raincoat with a hooded design"
"87r6s7","a golden sunset painting the sky with vibrant colors"
"88t8u9","cobalt blue circles overlapping to create an abstract image"
"89v0w1","a charcoal gray suit jacket with peak lapels"
"90x2y3","a lavender garden blooming with fragrant flowers"
"91z4a5","bronze squares arranged in a grid-like formation"
"92b6c7","a emerald green rainforest teeming with wildlife"
"93d8e9","crimson velvet skirt with a pencil cut"
"94f0g1","a sapphire lake reflecting the surrounding forest"
"95h2i3","golden triangles facing different directions"
"96j4k5","a deep purple prom dress with a strapless design"
"97l6m7","a snow-covered village nestled in a valley"
"98n8o9","silver spheres grouped in a celestial arrangement"
"99p0q1","a jade green sun dress with a floral pattern"
"100r2s3","a golden sunrise casting a warm glow"
"101t4u5","cobalt blue abstract swirls"
"102v6w7","charcoal grey hoodie with a zipper"
"103x8y9","lavender fields with a dirt road"
"104z0a1","bronze and copper statue of a lion"
"105b2c3","emerald green moss on a tree trunk"
"106d4e5","Crimson high heels"
"107f6g7","sapphire water swirling with waves"
"108h8i9","golden brown bear with a salmon"
"109j0k1","deep purple amethyst gemstones"
"110l2m3","snow covered evergreens"
"111n4o5","silver spoon, tarnished."
"112p6q7","jade green frog on a lillypad"
"113r6s7","golden retriever puppy"
"114t8u9","Cobalt blue crayon"
"115v0w1","charcoal grey cloud"
"116x2y3","Lavendar, rosemary and thyme"
"117z4a5","bronze helmet of a viking"
"118b6c7","Emerald green rolling hills"
"119d8e9","Crimson sunset, dramatic"
"120f0g1","sapphire eyes on a cat"
"121h2i3","golden gates to a mansion"
"122j4k5","deep purple bruises"
"123l6m7","Snow drifting over a mailbox"
"124n8o9","silver chandelier hanging from the ceiling"
"125p0q1","jade green walls in a victorian home"
"126r6s7","golden wheat fields"
"127t8u9","cobalt blue bottle of ink"
"128v0w1","charcoal grey leather gloves"
"129x2y3","Lavender bushes"
"130z4a5","bronze coins"
"131b6c7","emerald green valley"
"132d8e9","Crimson blood"
"133f0g1","sapphire gemstone"
"134h2i3","golden honey"
"135j4k5","deep purple plum"
"136l6m7","snow covered town"
"137n8o9","silver ring"
"138p0q1","jade green dragon"
"139r6s7","golden syrup"
"140t8u9","cobalt blue dream"
"141v0w1","charcoal grey scale mail"
"142x2y3","lavender soap"
"143z4a5","bronze bell"
"144b6c7","emerald green emerald"
"145d8e9","crimson rose"
"146f0g1","sapphire ring"
"147h2i3","golden sunflower"
"148j4k5","deep purple iris"
"149l6m7","snow globe"
"150n8o9","silver teapot"
"151p0q1","jade green tea leaves"
"152r6s7","golden eggs"
"153t8u9","cobalt blue ocean"
"154v0w1","charcoal grey suit"
"155x2y3","lavender candle"
"156z4a5","bronze mask"
"157b6c7","emerald green grass"
"158d8e9","crimson lipstick"
"159f0g1","sapphire eyes"
"160h2i3","golden apple"
"161j4k5","deep purple cloak"
"162l6m7","snow angel"
"163n8o9","silver mirror"
"164p0q1","jade green jade"
"165r6s7","golden coin"
"166t8u9","cobalt blue sky"
"167v0w1","charcoal grey rocks"
"168x2y3","lavender perfume"
"169z4a5","bronze statue"
"170b6c7","emerald green forest"
"171d8e9","crimson paint"
"172f0g1","sapphire jewelry"
"173h2i3","golden bracelet"
"174j4k5","deep purple flowers"
"175l6m7","snow leopard"
"176n8o9","silver chain"
"177p0q1","jade green leaves"
"178r6s7","golden statue"
"179t8u9","cobalt blue feathers"
"180v0w1","charcoal grey wool"
"181x2y3","lavender fields"
"182z4a5","bronze dragon"
"183b6c7","emerald green hills"
"184d8e9","crimson fire"
"185f0g1","sapphire gem"
"186h2i3","golden key"
"187j4k5","deep purple grapes"
"188l6m7","snowflakes falling"
"189n8o9","silver buttons"
"190p0q1","jade green silk"
"191r6s7","golden ring"
"192t8u9","cobalt blue ribbon"
"193v0w1","charcoal grey brick"
"194x2y3","lavender soap"
"195z4a5","bronze frame"
"196b6c7","emerald green smoothie"
"197d8e9","crimson dress"
"198f0g1","sapphire pendant"
"199h2i3","golden crown"
"200j4k5","deep purple amethyst"
"201l6m7","snow man"
"202n8o9","silver knife"
"203p0q1","jade green frog"
"204r6s7","golden lion"
"205t8u9","cobalt blue ink"
"206v0w1","charcoal grey coat"
"207x2y3","lavender lotion"
"208z4a5","bronze door"
"209b6c7","emerald green snake"
"210d8e9","crimson apple"
"211f0g1","sapphire bracelet"
"212h2i3","golden sun"
"213j4k5","deep purple paint"
"214l6m7","snow fort"
"215n8o9","silver fork"
"216p0q1","jade green water"
"217r6s7","golden egg"
"218t8u9","cobalt blue eyes"
"219v0w1","charcoal grey pencil"
"220x2y3","lavender candle"
"221z4a5","bronze shield"
"222b6c7","emerald green lizard"
"223d8e9","crimson rose petals"
"224f0g1","sapphire glitter"
"225h2i3","golden pineapple"
"226j4k5","deep purple pansies"
"227l6m7","snow bunny"
"228n8o9","silver napkin ring"
"229p0q1","jade green moss"
"230r6s7","golden retriever"
"231t8u9","cobalt blue velvet"
"232v0w1","charcoal grey scarf"
"233x2y3","lavender blossoms"
"234z4a5","bronze statue in park"
"235b6c7","emerald green hill tops"
"236d8e9","crimson sports car"
"237f0g1","sapphire ocean view"
"238h2i3","golden sun beams through clouds"
"239j4k5","deep purple shadow"
"240l6m7","snow covered roads"
"241n8o9","silver Christmas ornaments"
"242p0q1","jade green swamp"
"243r6s7","golden retriever with ball"
"244t8u9","cobalt blue dream"
"245v0w1","charcoal grey wolf"
"246x2y3","lavender scented candles"
"247z4a5","bronze statue horse"
"248b6c7","emerald green leaves against sky"
"249d8e9","crimson fire engine"
"250f0g1","sapphire glitter spilling"
"251h2i3","golden retriever puppy sleeps"
"252j4k5","deep purple eyeshadow glitter"
"253l6m7","snow covered roof"
"254n8o9","silver cutlery set on table"
"255p0q1","jade green grass plains"
"256r6s7","golden ratio spiral"
"257t8u9","cobalt blue fish"
"258v0w1","charcoal grey hoodie"
"259x2y3","lavender scented candle"
"260z4a5","bronze medal worn"
"261b6c7","emerald green turtle"
"262d8e9","crimson Ferrari"
"263f0g1","sapphire sea urchin"
"264h2i3","golden retriever puppy plays"
"265j4k5","deep purple sunset"
"266l6m7","snowy owl on tree branch"
"267n8o9","silver earrings with jewels"
"268p0q1","jade green river flowing"
"269r6s7","golden state warriors"
"270t8u9","cobalt blue paint brush"
"271v0w1","charcoal grey hair"
"272x2y3","lavender flowers bloom"
"273z4a5","bronze antique jewelry"
"274b6c7","emerald green lizard on stone"
"275d8e9","crimson cherries"
"276f0g1","sapphire waterscape underwater"
"277h2i3","golden retriever puppy cute"
"278j4k5","deep purple iris blooms"
"279l6m7","snow leopard portrait"
"280n8o9","silver necklace with stone"
"281p0q1","jade green frog croaking"
"282r6s7","golden gate bridge iconic"
"283t8u9","cobalt blue paint swirl abstract"
"284v0w1","charcoal grey leather jacket worn"
"285x2y3","lavender oil diffuser"
"286z4a5","bronze age sculpture"
"287b6c7","emerald green bamboo forest serenity"
"288d8e9","crimson poppies bouquet"
"289f0g1","sapphire caves glowing"
"290h2i3","golden retriever cuddles"
"291j4k5","deep purple lotus flower"
"292l6m7","snow geese in migration"
"293n8o9","silverware set on linen table"
"294p0q1","jade green mossy rock surface"
"295r6s7","golden pyramids ancient wonder"
"296t8u9","cobalt blue swirl hypnotic art"
"297v0w1","charcoal grey business suit"
"298x2y3","lavender essential oils aroma"
"299z4a5","bronze roman statue"
"300b6c7","emerald green snake coiled"
"301d8e9","crimson apples ripe harvest"
"302f0g1","sapphire seas calm"
"303h2i3","golden retriever love"
"304j4k5","deep purple galaxy swirl abstract"
"305l6m7","snow falling softly winter season"
"306n8o9","silver chain link fence"
"307p0q1","jade green algae pond scum"
"308r6s7","golden retriever catches frisbee"
"309t8u9","cobalt blue paint splatter art"
"310v0w1","charcoal grey coat casual"
"311x2y3","lavender hand lotion"
"312z4a5","bronze mask tribal ceremonial"
"313b6c7","emerald green leaves texture vibrant"
"314d8e9","crimson maple leaves autumn season"
"315f0g1","sapphire jewels collection valuable"
"316h2i3","golden retriever puppy portrait adorable"
"317j4k5","deep purple twilight sky peaceful"
"318l6m7","snow covered mountains majestic peaks"
"319n8o9","silver dollar coin currency money"
"320p0q1","jade green tea ceremony japanese culture"
"321r6s7","golden retriever joyfully running"
"322t8u9","cobalt blue watercolor painting fluid"
"323v0w1","charcoal grey flannel shirt soft"
"324x2y3","lavender bouquet aromatic fresh"
"325z4a5","bronze viking helmet fierce warrior"
"326b6c7","emerald green forest canopy peaceful"
"327d8e9","crimson roses bouquet romantic gift"
"328f0g1","sapphire rings engagement sparkle"
"329h2i3","golden harvest wheat field abundant"
"330j4k5","deep purple orchid blossoms exotic beauty"
"331l6m7","snowy trees wonderland frozen landscape"
"332n8o9","silver spoon reflected light gleaming"
"333p0q1","jade green smoothie healthy nutritious"
"334r6s7","golden sunflower field vibrant summer"
"335t8u9","cobalt blue dress elegant fashion"
"336v0w1","charcoal grey sweater comfortable warm"
"337x2y3","lavender fields calming aroma therapy"
"338z4a5","bronze ancient statue cultural art"
"339b6c7","emerald green tropical paradise exotic vacation"
"340d8e9","crimson silk scarf luxurious elegant"
"341f0g1","sapphire water crystal clear refreshing"
"342h2i3","golden wheat bread freshly baked"
"343j4k5","deep purple velvet curtains luxurious regal"
"344l6m7","snowy scenes winter wonderland beauty"
"345n8o9","silver silverware clean sparkling dining"
"346p0q1","jade green kale smoothie healthy beverage"
"347r6s7","golden sunset dramatic vivid sky"
"348t8u9","cobalt blue sea serene coastal"
"349v0w1","charcoal grey wool coat stylish warm"
"350x2y3","lavender bath bombs relaxing spa"
"351z4a5","bronze old coins antique collection"
"352b6c7","emerald green grass lawn manicured perfect"
"353d8e9","crimson red lipstick bold glamour"
"354f0g1","sapphire jewelry precious stones treasure"
"355h2i3","golden retrievers playful companions pets"
"356j4k5","deep purple grapes juicy sweet treat"
"357l6m7","snow covered forests tranquil beauty nature"
"358n8o9","silver chain necklaces fashionable accessory jewelry"
"359p0q1","jade green ponds peaceful nature scenery"
"360r6s7","golden light illuminates painting artistic"
"361t8u9","cobalt blue flowers summer bloom vibrant"
"362v0w1","charcoal grey suit professional elegance formal"
"363x2y3","lavender scent soothing peaceful relaxation"
"364z4a5","bronze sundial antique time keeper historic"
"365b6c7","emerald green gardens lush tropical paradise"
"366d8e9","crimson rose petals scattered romantic scene"
"367f0g1","sapphire ocean waves crashing powerful serene"
"368h2i3","golden hour sunlight landscape photography"
"369j4k5","deep purple amethyst crystals healing stones"
"370l6m7","snow covered cities winter wonderland urban"
"371n8o9","silverware shining dining elegant gourmet"
"372p0q1","jade green smoothie healthy vegan nutritious"
"373r6s7","golden sand beaches tropical vacation paradise"
"374t8u9","cobalt blue eyes mesmerizing captivating beauty"
"375v0w1","charcoal grey clouds storm dramatic weather"
"376x2y3","lavender aromatherapy essential oil diffuser relaxation"
"377z4a5","bronze age artifacts history archaeology artifacts"
"378b6c7","emerald green rice fields asian agriculture scenic"
"379d8e9","crimson autumn leaves fall foliage nature beauty"
"380f0g1","sapphire seas sailing adventures oceanic cruises"
"381h2i3","golden autumn leaves season change vibrant"
"382j4k5","deep purple haze atmospheric dreamlike fantasy"
"383l6m7","snowy mountainside skiing slopes adventures winter"
"384n8o9","silver rings jewelry fashion accessories sparkle"
"385p0q1","jade green algae textures underwater marine life"
"386r6s7","golden sunset landscape colorful nature scene"
"387t8u9","cobalt blue abstract art creative expression modern"
"388v0w1","charcoal grey buildings urban architecture concrete"
"389x2y3","lavender products soaps lotions aromatic spas"
"390z4a5","bronze sculpture artistic expression museum exhibits"
"391b6c7","emerald green trees lush forest nature trails"
"392d8e9","crimson flowers roses love romance valentines"
"393f0g1","sapphire water crystal serene blue ocean"
"394h2i3","golden retrievers cute family dog pet"
"395j4k5","deep purple flower blooms nature floral beauty"
"396l6m7","snowy forests enchanted winter wilderness beauty"
"397n8o9","silver necklace pendant fashionable accessory jewelry"
"398p0q1","jade green herbs culinary spices aromatic flavors"
"399r6s7","golden beaches scenic ocean travel vacation"
"400t8u9","cobalt blue sky bright sunny day serene"
"401v0w1","charcoal grey pants casual comfort style"
"402x2y3","lavender gardens blooming flowers picturesque beauty"
"403z4a5","bronze statues historic figures art exhibits museums"
"404b6c7","emerald green meadows cows grazing scenic pasture"
"405d8e9","crimson sunsets sky vivid colors nature beauty"
"406f0g1","sapphire seas boats sailing horizon adventures"
"407h2i3","golden wedding rings marriage love forever"
"408j4k5","deep purple lights dreamy abstract art"
"409l6m7","snow covered cities lights bustling urban life"
"410n8o9","silver knives dining gourmet cutlery shining"
"411p0q1","jade green leaves lush foliage vibrant growth"
"412r6s7","golden sunrises dawn sky colors peaceful mornings"
"413t8u9","cobalt blue eyes intense beauty captivating gaze"
"414v0w1","charcoal grey overcoat winter fashion warmth style"
"415x2y3","lavender bath salts spa relaxation therapy peaceful"
"416z4a5","bronze medieval armor knight warrior historical"
"417b6c7","emerald green rain forest ecological wonder beauty"
"418d8e9","crimson poppies field floral nature poppy"
"419f0g1","sapphire lagoons tropical blue tranquil seas"
"420h2i3","golden syrup pancakes breakfast sweet delicious"
"421j4k5","deep purple irises exquisite floral garden beauty"
"422l6m7","snowy peaks winter landscapes majestic mountainside"
"423n8o9","silver jewelry fashion accessories stylish sparkle"
"424p0q1","jade green matcha tea healthy herbal beverage"
"425r6s7","golden gate bridge landmark panoramic view iconic"
"426t8u9","cobalt blue abstract designs artistry contemporary art"
"427v0w1","charcoal grey denim jeans casual comfy wear"
"428x2y3","lavender scented candles relaxing atmosphere home"
"429z4a5","bronze buddha statues spiritual zen peace tranquility"
"430b6c7","emerald green hills peaceful countryside natural beauty"
"431d8e9","crimson red apples healthy snack vibrant harvest"
"432f0g1","sapphire pools tropical swimming refreshing dip"
"433h2i3","golden wheat fields farmer harvest food supply"
"434j4k5","deep purple pansy flower springtime delicate bloom"
"435l6m7","snowy days cozy winter cold weather beauty"
"436n8o9","silver spoons antique tableware elegance formal"
"437p0q1","jade green sea turtles ocean wildlife gentle animal"
"438r6s7","golden light streams down heavenly light sunshine"
"439t8u9","cobalt blue birds flying sky freedom air"
"440v0w1","charcoal grey buildings skyline urban cityscape modern"
"441x2y3","lavender bubble bath relaxation soothing peaceful"
"442z4a5","bronze medieval castles history architecture ancient"
"443b6c7","emerald green hillsides serene nature trails scenic"
"444d8e9","crimson roses bouquet romantic valentines love"
"445f0g1","sapphire beaches relaxing vacation tropical paradise"
"446h2i3","golden morning sun shining daybreak serene"
"447j4k5","deep purple amethyst geode crystals sparkling gems"
"448l6m7","snowy roofs quaint houses winter towns picturesque"
"449n8o9","silver cutlery set luxury table dining experience"
"450p0q1","jade green avocado toast nutritious delicious meal"
"451r6s7","golden autumn leaves colorful fall landscape beauty"
"452t8u9","cobalt blue jeans fashionable casual wear trendy"
"453v0w1","charcoal grey wool hat winter warmth stylish"
"454x2y3","lavender candle aroma therapy peaceful relaxation"
"455z4a5","bronze antique keys history relics unique finds"
"456b6c7","emerald green vineyards scenic wine grape fields"
"457d8e9","crimson tulips blossoming flowers springtime gardens"
"458f0g1","sapphire jewels treasure sparkling rare gemstones"
"459h2i3","golden sunshine rays bright sun warm weather"
"460j4k5","deep purple twilight scenic skies pastel colors"
"461l6m7","snowy pathways winter wonder beauty tranquility"
"462n8o9","silver necklace women fashion beauty jewelry charm"
"463p0q1","jade green tea leaves organic beverage healthy"
"464r6s7","golden pyramids ancient wonder architectural historical"
"465t8u9","cobalt blue marble luxurious stone elegant interior"
"466v0w1","charcoal grey trench coat men stylish formal fashion"
"467x2y3","lavender scented oil diffusing peace tranquility calm"
"468z4a5","bronze age tools artifact archaeological excavation"
"469b6c7","emerald green bamboo grove peaceful natural beauty"
"470d8e9","crimson berries delicious sweet snack vibrant colors"
"471f0g1","sapphire waterfalls splashing scenic mountain retreat"
"472h2i3","golden honeycomb sweet natural bee honeycomb"
"473j4k5","deep purple velvet gown luxurious elegant formal"
"474l6m7","snowy villages charming winter scenic beauty holiday"
"475n8o9","silver antique mirror reflective shine home decor"
"476p0q1","jade green smoothie nutritious healthy plant based"
"477r6s7","golden sunflower field summer sunshine vibrant yellow"
"478t8u9","cobalt blue butterfly wings graceful flight delicate"
"479v0w1","charcoal grey winter scarf wool comfortable warmth"
"480x2y3","lavender soap bars luxurious aromatic cleansing"
"481z4a5","bronze keyholes ancient locks historic doors vintage"
"482b6c7","emerald green lizard camouflage reptile animal life"
"483d8e9","crimson roses bouquet gift valentines celebration"
"484f0g1","sapphire swimming pools summer escape tropical paradise"
"485h2i3","golden rays shining light summer peaceful warm"
"486j4k5","deep purple night scenic sky beauty natural"
"487l6m7","snowy landscape magical view winter wonderland cold"
"488n8o9","silver charm elegant accessories decoration beauty"
"489p0q1","jade green peas fresh spring vegetables nutritious"
"490r6s7","golden sunrise scenic sky peaceful beauty scenic"
"491t8u9","cobalt blue fish ocean wildlife underwater beauty"
"492v0w1","charcoal grey coat elegant long fashion warmth"
"493x2y3","lavender fields scenic beauty rolling peaceful farms"
"494z4a5","bronze medieval shield battle armor historic knight"
"495b6c7","emerald green parks lush picnic peaceful nature"
"496d8e9","crimson roses bouquet love romantic valentine"
"497f0g1","sapphire sea serene horizon boat coast view"
"498h2i3","golden retriever loveable family companions friendly"
"499j4k5","deep purple orchid romantic love blossom bloom"
"500l6m7","snow covered city night lights cityscape festive"
"501n8o9","silver spoons antique spoon treasure cutlery"
"502p0q1","jade green smoothie healthy vibrant energy vegan"
"503r6s7","golden beaches sunny ocean travel vacation scenic"
"504t8u9","cobalt blue eyes captivating beautiful alluring gaze"
"505v0w1","charcoal grey suit tailored professional elegance"
"506x2y3","lavender bath peaceful spa relaxation therapy"
"507z4a5","bronze ancient keys treasure history vintage charm"
"508b6c7","emerald green bamboo calm nature bamboo forest"
"509d8e9","crimson red hearts valentine romance love symbol"
"510f0g1","sapphire water crystal serene blue ocean lakes"
"511h2i3","golden retriever puppy lovable cuddly pet love"
"512j4k5","deep purple flowers springtime blossom beautiful iris"
"513l6m7","snowy forest quiet winter wonderland nature beauty"
"514n8o9","silver necklace pendants woman jewelry fashion shine"
"515p0q1","jade green dragon mythical creature fantasy scales"
"516r6s7","golden sunset sky vivid colors nature beauty landscape"
"517t8u9","cobalt blue butterfly delicate wings garden insect"
"518v0w1","charcoal grey hoodie casual comfort warm clothing"
"519x2y3","lavender fields scenic countryside peaceful tranquility"
"520z4a5","bronze sculpture art museum ancient modern exhibit"
"521b6c7","emerald green snake wildlife reptile nature scales"
"522d8e9","crimson petals roses flower romance love blossom"
"523f0g1","sapphire gems treasure sparkling blue jewels luxury"
"524h2i3","golden gate bridge iconic structure san francisco landmark"
"525j4k5","deep purple grape juice beverage sweet refreshing drink"
"526l6m7","snowy mountains winter scenic landscape beauty peaks"
"527n8o9","silver rings wedding engagement love jewelry band"
"528p0q1","jade green stone natural mineral texture organic"
"529r6s7","golden retriever puppy dog pet animal cute"
"530t8u9","cobalt blue sea ocean water waves beach"
"531v0w1","charcoal grey clouds sky storm weather rain"
"532x2y3","lavender scent calming soothing peaceful relaxation"
"533z4a5","bronze coins ancient currency history treasure money"
"534b6c7","emerald green forest trees nature woods landscape"
"535d8e9","crimson apples fruit red healthy food"
"536f0g1","sapphire eyes cat feline pet blue"
"537h2i3","golden honey sweet natural food bee"
"538j4k5","deep purple flowers garden bloom nature violet"
"539l6m7","snowflakes winter ice crystal cold white"
"540n8o9","silver teapot elegant tea service vintage antique"
"541p0q1","jade green leaves foliage plant nature green"
"542r6s7","golden wheat field harvest agriculture farm bread"
"543t8u9","cobalt blue sky sun day cloudless weather"
"544v0w1","charcoal grey rocks stone texture ground nature"
"545x2y3","lavender candle relax calming aroma spa purple"
"546z4a5","bronze statue art sculpture figure monument history"
"547b6c7","emerald green grass field meadow lawn nature"
"548d8e9","crimson rose flower love romance red petal"
"549f0g1","sapphire ring jewelry gem stone engagement blue"
"550h2i3","golden sun light day shine warm yellow"
"551j4k5","deep purple cloak cape fantasy clothing velvet"
"552l6m7","snow covered mountain peak winter nature cold"
"553n8o9","silver mirror reflection glass frame antique old"
"554p0q1","jade green frog amphibian animal wildlife nature"
"555r6s7","golden lion animal wildlife king africa mane"
"556t8u9","cobalt blue ink writing fluid liquid art"
"557v0w1","charcoal grey coat clothing jacket fashion winter"
"558x2y3","lavender lotion cream skin care beauty purple"
"559z4a5","bronze bell instrument sound church temple metal"
"560b6c7","emerald green valley nature landscape mountain green"
"561d8e9","crimson paint color art red pigment texture"
"562f0g1","sapphire jewelry necklace pendant earring gem stone"
"563h2i3","golden bracelet wrist jewelry gold accessory fashion"
"564j4k5","deep purple iris flower plant nature bloom petal"
"565l6m7","snow globe souvenir gift glass winter scene"
"566n8o9","silver chain necklace metal jewelry fashion link"
"567p0q1","jade green tea leaves drink beverage healthy natural"
"568r6s7","golden egg valuable treasure easter gold object"
"569t8u9","cobalt blue ocean sea water wave beach sky"
"570v0w1","charcoal grey suit business formal clothing attire"
"571x2y3","lavender candle flame light wax scent purple"
"572z4a5","bronze shield protection defense war battle metal"
"573b6c7","emerald green lizard reptile animal wildlife nature"
"574d8e9","crimson rose petals flower red soft love"
"575f0g1","sapphire glitter sparkle shimmer blue light gem"
"576h2i3","golden pineapple fruit tropical food sweet yellow"
"577j4k5","deep purple pansies flower garden plant bloom violet"
"578l6m7","snow bunny rabbit animal winter white cute"
"579n8o9","silver napkin ring dining table setting elegant metal"
"580p0q1","jade green moss plant nature forest ground cover"
"581r6s7","golden retriever dog canine pet animal friendly"
"582t8u9","cobalt blue velvet fabric texture soft smooth cloth"
"583v0w1","charcoal grey scarf clothing accessory fashion winter"
"584x2y3","lavender blossom flower bloom plant nature purple"
"585z4a5","bronze statue in park art sculpture outdoor public"
"586b6c7","emerald green hill tops mountain landscape nature view"
"587d8e9","crimson sports car vehicle automobile fast red"
"588f0g1","sapphire ocean view sea water landscape horizon blue"
"589h2i3","golden sun beams through clouds light sky ray"
"590j4k5","deep purple shadow dark color night mystery shade"
"591l6m7","snow covered roads winter driving street path"
"592n8o9","silver Christmas ornaments decoration tree holiday ball"
"593p0q1","jade green swamp wetland bog water nature marsh"
"594r6s7","golden retriever with ball dog toy play fetch"
"595t8u9","cobalt blue abstract dream thought idea concept"
"596v0w1","charcoal grey wolf animal wildlife canine predator"
"597x2y3","lavender scented candles relax aroma therapy home decor"
"598z4a5","bronze statue of a horse animal sculpture art equine"
"599b6c7","emerald green leaves against sky foliage tree nature"
"600d8e9","crimson fire engine truck vehicle emergency rescue"
"601f0g1","sapphire glitter spilling sparkle powder dust blue"
"602h2i3","golden retriever puppy sleeps dog nap rest cute"
"603j4k5","deep purple eyeshadow glitter makeup cosmetic eye"
"604l6m7","snow covered roof house building winter home"
"605n8o9","silver cutlery set on table fork knife spoon dining"
"606p0q1","jade green grass plains field landscape nature expanse"
"607r6s7","a golden spiral, representing the golden ratio, on a dark background"
"608t8u9","cobalt blue fish swimming in clear water, marine life"
"609v0w1","a charcoal grey hoodie, casual and comfortable"
"610x2y3","lavender scented candle burning, creating a relaxing atmosphere"
"611z4a5","worn bronze medal, close-up, showing detailed engraving"
"612b6c7","an emerald green turtle swimming in the ocean"
"613d8e9","a bright crimson Ferrari speeding down a road"
"614f0g1","sapphire sea urchin, showcasing intricate details and texture"
"615h2i3","golden retriever puppy playing in a field of grass"
"616j4k5","deep purple sunset over a calm lake, reflecting on the water"
"617l6m7","snowy owl perched on a tree branch, winter scene"
"618n8o9","silver earrings with embedded jewels, sparkling in the light"
"619p0q1","a flowing jade green river winding through a lush forest"
"620r6s7","the Golden State Warriors logo, basketball team emblem"
"621t8u9","a cobalt blue paint brush resting on a canvas, art supplies"
"622v0w1","close-up of charcoal grey hair, showing texture and detail"
"623x2y3","lavender flowers blooming in a garden, close-up shot"
"624z4a5","antique bronze jewelry, showcasing intricate craftsmanship"
"625b6c7","an emerald green lizard basking on a sunlit stone"
"626d8e9","a bowl of ripe, crimson cherries, glistening with freshness"
"627f0g1","sapphire waterscape, underwater view with coral and fish"
"628h2i3","a golden retriever puppy, looking adorable and cuddly"
"629j4k5","a close-up of deep purple iris blooms, capturing their delicate petals"
"630l6m7","a portrait of a snow leopard, highlighting its distinctive coat"
"631n8o9","a silver necklace with a small, intricate stone pendant"
"632p0q1","a jade green frog croaking on a lily pad, pond scene"
"633r6s7","the iconic Golden Gate Bridge, stretching across the water"
"634t8u9","a cobalt blue swirl, hypnotic and abstract, against a light background"
"635v0w1","a charcoal grey leather jacket, worn and textured"
"636x2y3","a lavender oil diffuser, releasing a soothing aroma"
"637z4a5","a Bronze Age sculpture, showcasing ancient artistry"
"638b6c7","an emerald green bamboo forest, depicting a serene and peaceful atmosphere"
"639d8e9","a bouquet of crimson poppies, vibrant and delicate"
"640f0g1","glowing sapphire caves, showcasing their natural beauty"
"641h2i3","golden retriever cuddles, depicting affection and warmth"
"642j4k5","a deep purple lotus flower, floating on a tranquil pond"
"643l6m7","snow geese in mid-flight during migration, a nature scene"
"644n8o9","silverware set arranged on a crisp linen tablecloth"
"645p0q1","a jade green mossy rock surface, close-up and textured"
"646r6s7","the ancient golden pyramids, showcasing their majestic presence"
"647t8u9","cobalt blue swirl hypnotic art on a white canvas"
"648v0w1","a charcoal grey business suit, elegant and professional"
"649x2y3","lavender essential oils for aromatherapy, promoting relaxation"
"650z4a5","a bronze Roman statue, displaying historical artistry and detail"
"651b6c7","an emerald green snake coiled around a branch, nature scene"
"652d8e9","crimson apples, ripe and ready for harvest, orchard setting"
"653f0g1","sapphire seas, calm and inviting, with a distant horizon"
"654h2i3","a golden retriever, showcasing love and loyalty, close-up portrait"
"655j4k5","a deep purple galaxy swirl, abstract and mesmerizing"
"656l6m7","snow falling softly, creating a peaceful winter scene"
"657n8o9","a silver chain link fence, stretching across a landscape"
"658p0q1","jade green algae covering the surface of a pond, close-up"
"659r6s7","a golden retriever catching a frisbee in mid-air, action shot"
"660t8u9","cobalt blue paint splatter art, abstract and expressive"
"661v0w1","a charcoal grey coat, casual and comfortable, outdoor setting"
"662x2y3","lavender hand lotion, promoting soft and smooth skin"
"663z4a5","a bronze mask, tribal and ceremonial, showcasing intricate details"
"664b6c7","emerald green leaves, vibrant and full of life, close-up texture"
"665d8e9","crimson maple leaves, showcasing the beauty of autumn"
"666f0g1","a collection of sapphire jewels, showcasing their value and sparkle"
"667h2i3","an adorable golden retriever puppy portrait, capturing its innocence"
"668j4k5","a deep purple twilight sky, peaceful and serene, landscape view"
"669l6m7","snow-covered mountains, showcasing majestic peaks and winter beauty"
"670n8o9","a silver dollar coin, representing currency and monetary value"
"671p0q1","a jade green tea ceremony, showcasing Japanese culture and tradition"
"672r6s7","a golden retriever joyfully running across a field, dynamic movement"
"673t8u9","a cobalt blue watercolor painting, fluid and expressive, on paper"
"674v0w1","a soft, charcoal grey flannel shirt, close-up of fabric texture"
"675x2y3","a fresh bouquet of lavender, aromatic and visually appealing"
"676z4a5","a fierce Viking helmet made of bronze, showcasing warrior heritage"
"677b6c7","an emerald green forest canopy, creating a peaceful and shaded environment"
"678d8e9","a bouquet of crimson roses, symbolizing romance and a thoughtful gift"
"679f0g1","sparkling sapphire rings, perfect for an engagement, jewelry showcase"
"680h2i3","a field of golden harvest wheat, representing abundance and farming"
"681j4k5","exotic deep purple orchid blossoms, showcasing their unique beauty"
"682l6m7","a snowy tree landscape, depicting a frozen wonderland"
"683n8o9","a gleaming silver spoon, reflecting light, close-up detail"
"684p0q1","a nutritious and healthy jade green smoothie, ready to drink"
"685r6s7","a vibrant field of golden sunflowers under a summer sky"
"686t8u9","an elegant cobalt blue dress, showcasing modern fashion design"
"687v0w1","a warm and comfortable charcoal grey sweater, knit texture detail"
"688x2y3","lavender fields providing a calming aroma and used in therapy"
"689z4a5","an ancient bronze statue, representing cultural art and history"
"690b6c7","an emerald green tropical paradise, ideal for an exotic vacation"
"691d8e9","a luxurious and elegant crimson silk scarf, fashion accessory"
"692f0g1","crystal clear sapphire water, refreshing and inviting"
"693h2i3","freshly baked golden wheat bread, showcasing its appealing texture"
"694j4k5","luxurious deep purple velvet curtains, adding a regal touch to a room"
"695l6m7","beautiful snowy scenes depicting a winter wonderland environment"
"696n8o9","clean and sparkling silver silverware, arranged for a formal dining setting"
"697p0q1","a healthy beverage made from jade green kale, vibrant and nutritious"
"698r6s7","a dramatic and vivid sunset painted with golden light, sky landscape"
"699t8u9","a serene coastal scene featuring a calm cobalt blue sea"
"700v0w1","a stylish and warm charcoal grey wool coat, perfect for winter"
"701x2y3","relaxing lavender bath bombs, ideal for a spa-like experience at home"
"702z4a5","a collection of old bronze coins, showcasing antique numismatic value"
"703b6c7","a perfectly manicured lawn of emerald green grass, showcasing outdoor care"
"704d8e9","bold and glamorous crimson red lipstick, enhancing beauty and style"
"705f0g1","a treasure of precious sapphire jewelry, highlighting luxury and elegance"
"706h2i3","playful golden retrievers, showcasing their role as beloved family pets"
"707j4k5","a bowl of juicy and sweet deep purple grapes, ready to be enjoyed"
"708l6m7","tranquil snow-covered forests, showcasing the beauty of nature in winter"
"709n8o9","fashionable silver chain necklaces, displayed as stylish accessories"
"710p0q1","peaceful jade green ponds, surrounded by natural scenery"
"711r6s7","an artistic painting illuminated by golden light, creating a warm ambiance"
"712t8u9","vibrant cobalt blue flowers blooming in summer, adding color to the landscape"
"713v0w1","an elegant and professional charcoal grey suit, perfect for formal occasions"
"714x2y3","a soothing lavender scent, promoting peace and relaxation"
"715z4a5","an antique sundial made of bronze, showcasing historical timekeeping"
"716b6c7","lush emerald green gardens, creating a tropical paradise atmosphere"
"717d8e9","scattered crimson rose petals, setting a romantic scene"
"718f0g1","powerful and serene sapphire ocean waves crashing against the shore"
"719h2i3","landscape photography capturing golden hour sunlight, creating a warm glow"
"720j4k5","healing deep purple amethyst crystals, showcasing their natural beauty"
"721l6m7","urban snowy cities during winter, showcasing bustling life and festive lights"
"722n8o9","shining silverware laid out for a gourmet dining experience"
"723p0q1","a healthy and nutritious smoothie made with jade green vegetables"
"724r6s7","tropical golden sand beaches, perfect for a relaxing vacation"
"725t8u9","mesmerizing cobalt blue eyes, captivating and expressive"
"726v0w1","a storm brewing with dramatic charcoal grey clouds in the sky"
"727x2y3","an aromatherapy setup with lavender essential oil and a diffuser, promoting relaxation"
"728z4a5","Bronze Age artifacts showcasing history and archaeology"
"729b6c7","emerald green rice fields indicative of Asian agriculture"
"730d8e9","crimson autumn leaves falling, showcasing the beauty of fall"
"731f0g1","sapphire seas with boats sailing towards the horizon"
"732h2i3","golden autumn leaves indicating the vibrant change of season"
"733j4k5","deep purple haze creating a dreamlike, atmospheric effect"
"734l6m7","snowy mountainside with skiing slopes, perfect for winter adventures"
"735n8o9","sparkling silver rings, fashionable jewelry accessories"
"736p0q1","jade green algae textures seen underwater in marine environments"
"737r6s7","a colorful nature scene of a golden sunset landscape"
"738t8u9","creative expression through cobalt blue abstract art"
"739v0w1","charcoal grey concrete buildings representing urban architecture"
"740x2y3","various lavender products like soaps and lotions, offering aromatic spa experiences"
"741z4a5","a bronze sculpture displayed in a museum exhibit"
"742b6c7","lush emerald green trees and nature trails in a forest"
"743d8e9","crimson flowers such as roses, symbolizing love and romance"
"744f0g1","a serene view of sapphire water, representing the blue ocean"
"745h2i3","cute golden retrievers, perfect as family pets"
"746j4k5","blooms of deep purple flowers, showcasing floral beauty in nature"
"747l6m7","enchanted snowy forests, displaying the beauty of winter wilderness"
"748n8o9","a fashionable silver necklace with a pendant, enhancing personal style"
"749p0q1","aromatic jade green herbs used as culinary spices"
"750r6s7","scenic golden beaches along the ocean, ideal for travel and vacation"
"751t8u9","a bright and serene cobalt blue sky on a sunny day"
"752v0w1","casual and comfortable charcoal grey pants, suitable for everyday style"
"753x2y3","picturesque lavender gardens with blooming flowers, exuding beauty"
"754z4a5","bronze statues of historic figures, displayed as art exhibits in museums"
"755b6c7","scenic emerald green meadows with grazing cows, depicting a peaceful pasture"
"756d8e9","vivid crimson sunsets, displaying beautiful colors in the sky"
"757f0g1","boats sailing on sapphire seas, showcasing adventures on the horizon"
"758h2i3","golden wedding rings, symbolizing marriage and eternal love"
"759j4k5","dreamy deep purple lights, creating an abstract art piece"
"760l6m7","snow-covered cities with bustling lights, portraying urban life in winter"
"761n8o9","shining gourmet cutlery including silver knives, enhancing dining experiences"
"762p0q1","lush jade green leaves, indicating vibrant growth and foliage"
"763r6s7","peaceful mornings featuring golden sunrises with dawn sky colors"
"764t8u9","intense and captivating cobalt blue eyes, showcasing beauty"
"765v0w1","a stylish and warm charcoal grey overcoat, perfect for winter fashion"
"766x2y3","relaxing lavender bath salts, used for spa and therapy to create a peaceful environment"
"767z4a5","historic medieval armor made of bronze, depicting knights and warriors"
"768b6c7","an emerald green rainforest, showcasing ecological wonder and natural beauty"
"769d8e9","a field of crimson poppies, displaying floral beauty in nature"
"770f0g1","tranquil sapphire lagoons, offering a tropical and serene blue environment"
"771h2i3","sweet golden syrup on pancakes, making for a delicious breakfast"
"772j4k5","exquisite deep purple irises, showcasing floral garden beauty"
"773l6m7","majestic snowy peaks in winter landscapes, featuring mountainsides"
"774n8o9","fashionable and sparkling silver jewelry, including rings and accessories"
"775p0q1","healthy and herbal jade green matcha tea, served as a beverage"
"776r6s7","the iconic Golden Gate Bridge, offering a panoramic and landmark view"
"777t8u9","contemporary cobalt blue abstract designs, showcasing modern artistry"
"778v0w1","casual and comfortable charcoal grey denim jeans, suitable for everyday wear"
"779x2y3","relaxing lavender-scented candles, creating a peaceful atmosphere at home"
"780z4a5","spiritual bronze Buddha statues, representing peace and tranquility in Zen Buddhism"
"781b6c7","peaceful emerald green hills, showcasing natural countryside beauty"
"782d8e9","vibrant and healthy crimson red apples, perfect as a snack"
"783f0g1","refreshing sapphire pools in a tropical setting, ideal for swimming"
"784h2i3","abundant golden wheat fields, essential for farmer harvests and food supply"
"785j4k5","a delicate deep purple pansy flower, blooming beautifully in springtime"
"786l6m7","cozy and beautiful snowy days, perfect for enjoying the winter weather"
"787n8o9","elegant antique tableware, including silver spoons, for formal dining"
"788p0q1","gentle jade green sea turtles, showcasing ocean wildlife and conservation"
"789r6s7","heavenly golden light streams, representing sunshine and a peaceful atmosphere"
"790t8u9","cobalt blue birds in flight, symbolizing freedom in the sky"
"791v0w1","modern charcoal grey buildings in an urban cityscape, representing contemporary architecture"
"792x2y3","a relaxing lavender bubble bath, promoting soothing and peaceful experiences"
"793z4a5","ancient medieval castles made of bronze, showcasing history and architecture"
"794b6c7","serene emerald green hillsides, offering scenic nature trails"
"795d8e9","a romantic bouquet of crimson roses, perfect for Valentine's Day"
"796f0g1","relaxing sapphire beaches in a tropical paradise, ideal for vacations"
"797h2i3","a serene morning with the golden sun shining at daybreak"
"798j4k5","sparkling deep purple amethyst geode crystals, showcasing natural gems"
"799l6m7","picturesque snowy roofs on quaint houses in winter towns"
"800n8o9","a luxury cutlery set featuring silver pieces, enhancing the dining experience"
"801p0q1","a nutritious and delicious toast topped with jade green avocado"
"802r6s7","a colorful landscape of golden autumn leaves, showcasing the beauty of fall"
"803t8u9","fashionable and trendy cobalt blue jeans, perfect for casual wear"
"804v0w1","a stylish and warm charcoal grey wool hat, ideal for winter"
"805x2y3","a peaceful lavender candle used for aromatherapy and relaxation"
"806z4a5","unique antique keys made of bronze, representing history and relics"
"807b6c7","scenic emerald green vineyards, showcasing fields of grapes for wine production"
"808d8e9","blossoming crimson tulips in springtime gardens, displaying floral beauty"
"809f0g1","a collection of precious and sparkling sapphire jewels, treasured for their rarity"
"810h2i3","warm weather depicted by golden sunshine rays, promoting a peaceful atmosphere"
"811j4k5","a scenic deep purple twilight, showcasing pastel colors in the sky"
"812l6m7","tranquil and beautiful snowy pathways, highlighting winter wonder"
"813n8o9","a fashionable silver necklace, a charm that adds beauty to women's jewelry"
"814p0q1","organic jade green tea leaves, perfect for a healthy beverage"
"815r6s7","architectural and historical golden pyramids, showcasing ancient wonder"
"816t8u9","luxurious cobalt blue marble, used for elegant interior design"
"817v0w1","a stylish and formal men's charcoal grey trench coat, perfect for fashion-conscious individuals"
"818x2y3","a lavender-scented oil diffuser, promoting peace, tranquility, and calm in the environment"
"819z4a5","archaeological artifacts from the Bronze Age, showcasing ancient tools and history"
"820b6c7","a peaceful and naturally beautiful emerald green bamboo grove"
"821d8e9","vibrant crimson berries, perfect as a delicious and sweet snack"
"822f0g1","scenic sapphire waterfalls, creating a refreshing mountain retreat"
"823h2i3","natural and sweet golden honeycomb, produced by bees"
"824j4k5","a luxurious and elegant deep purple velvet gown, perfect for formal events"
"825l6m7","charming snowy villages, showcasing scenic beauty and holiday spirit in winter"
"826n8o9","an antique silver mirror, shining and reflective, adding to home decor"
"827p0q1","a nutritious and healthy smoothie made with jade green, plant-based ingredients"
"828r6s7","vibrant yellow sunflowers in a golden field, representing summer and sunshine"
"829t8u9","a graceful cobalt blue butterfly with delicate wings, seen in flight"
"830v0w1","a comfortable and warm charcoal grey winter scarf made of wool"
"831x2y3","luxurious and aromatic cleansing with lavender soap bars"
"832z4a5","vintage bronze keyholes on ancient locks and historic doors"
"833b6c7","a camouflaged emerald green lizard, showcasing reptile wildlife"
"834d8e9","a bouquet of crimson roses, perfect as a gift for Valentine's Day celebrations"
"835f0g1","tropical paradise with sapphire swimming pools, offering a perfect summer escape"
"836h2i3","peaceful and warm golden rays shining, representing summer light"
"837j4k5","a beautiful and natural scenic deep purple night sky"
"838l6m7","a magical snowy landscape, showcasing a winter wonderland view during the cold season"
"839n8o9","an elegant silver charm, serving as a beautiful accessory and decoration"
"840p0q1","nutritious fresh spring vegetables, including jade green peas"
"841r6s7","a scenic and peaceful golden sunrise, showcasing beautiful sky views"
"842t8u9","underwater beauty of cobalt blue fish, highlighting ocean wildlife"
"843v0w1","an elegant and long charcoal grey coat, offering warmth and fashion"
"844x2y3","picturesque and peaceful lavender fields, rolling across scenic farms"
"845z4a5","a historic medieval shield made of bronze, used in battle and representing knights"
"846b6c7","lush and peaceful emerald green parks, ideal for picnics and enjoying nature"
"847d8e9","a bouquet of crimson roses, symbolizing love and romance, perfect for Valentine's Day"
"848f0g1","a serene view of the sapphire sea with a boat coasting on the horizon"
"849h2i3","lovable and friendly golden retrievers, ideal as family companions"
"850j4k5","a blooming deep purple orchid, symbolizing romantic love"
"851l6m7","a festive cityscape at night, with snow-covered city lights"
"852n8o9","treasured antique silver spoons, adding elegance to cutlery collections"
"853p0q1","a vibrant and healthy smoothie made with jade green ingredients, promoting energy"
"854r6s7","scenic and sunny golden beaches, perfect for ocean travel and vacations"
"855t8u9","captivating and beautiful cobalt blue eyes, showcasing an alluring gaze"
"856v0w1","a tailored and professional charcoal grey suit, representing elegance"
"857x2y3","a peaceful lavender bath, promoting relaxation and spa therapy"
"858z4a5","historic and charming ancient keys made of bronze, representing treasures"
"859b6c7","a calming scene of emerald green bamboo, representing nature and tranquility"
"860d8e9","red hearts symbolizing romance and love, especially for Valentine's Day"
"861f0g1","crystal-clear sapphire water in serene blue oceans and lakes"
"862h2i3","an adorable and cuddly golden retriever puppy, representing pet love"
"863j4k5","beautiful springtime blossoms of deep purple flowers, particularly irises"
"864l6m7","a quiet and beautiful snowy forest, showcasing a winter wonderland in nature"
"865n8o9","fashionable and shining silver necklace pendants, enhancing beauty and jewelry style"
"866p0q1","A mythical jade green dragon, a creature of fantasy with detailed scales"
"867r6s7","A vivid and beautiful golden sunset sky, a stunning nature landscape"
"868t8u9","A delicate cobalt blue butterfly, showcasing its graceful flight in a garden"
"869v0w1","A casual and comfortable charcoal grey hoodie, perfect for staying warm"
"870x2y3","Peaceful and tranquil lavender fields in the scenic countryside"
"871z4a5","An artistic bronze sculpture displayed in a museum, representing ancient and modern art"
"872b6c7","A wildlife scene of an emerald green snake, highlighting its scales and natural habitat"
"873d8e9","Blossoming crimson petals of roses, symbolizing love and romance"
"874f0g1","Luxurious sapphire gems, sparkling blue jewels treasured for their beauty"
"875h2i3","The iconic Golden Gate Bridge in San Francisco, a landmark structure"
"876j4k5","A refreshing beverage of deep purple grape juice, sweet and flavorful"
"877l6m7","Scenic snowy mountains, showcasing winter landscapes and peaks"
"878n8o9","Wedding and engagement silver rings, symbolizing love and commitment"
"879p0q1","Natural and organic texture of a jade green stone, a mineral specimen"
"880r6s7","A cute golden retriever puppy, representing pet animals and canine companionship"
"881t8u9","The serene cobalt blue sea, with waves and a beach, representing ocean beauty"
"882v0w1","Stormy charcoal grey clouds filling the sky, indicating upcoming rain"
"883x2y3","The soothing scent of lavender, promoting calming and peaceful relaxation"
"884z4a5","Ancient bronze coins, representing history, treasure, and monetary value"
"885b6c7","A lush emerald green forest, showcasing trees, nature, and landscape"
"886d8e9","Healthy and vibrant crimson apples, representing fruit and food"
"887f0g1","The blue eyes of a feline, a sapphire-eyed cat pet"
"888h2i3","Sweet and natural golden honey, produced by bees, a delicious food"
"889j4k5","A garden of blooming deep purple flowers, showcasing nature's violet beauty"
"890l6m7","White snowflakes representing winter, ice, crystal, and cold weather"
"891n8o9","An elegant and antique silver teapot, perfect for tea service"
"892p0q1","Green foliage and leaves of a jade green plant, symbolizing nature"
"893r6s7","A field of golden wheat, ready for harvest in an agricultural farm setting"
"894t8u9","A cloudless cobalt blue sky on a sunny day, representing clear weather"
"895v0w1","Natural texture of charcoal grey rocks and stone, representing the ground"